[
	{
		"id": "deflectouch",
		"title": "Deflectouch",
		"author": "Cyril Stoller",
		"github": "stocyr/Deflectouch",
		"rank": 1,
		"score": 81.6
	},
	{
		"id": "fishlife",
		"title": "FishLife",
		"author": "Zogg",
		"github": "Zogg/FishLife",
		"rank": 2,
		"score": 73.6
	},
	{
		"id": "memorykivy",
		"title": "memoryKivy",
		"author": "Niavlys",
		"github": "niavlys/memoryKivy",
		"rank": 3,
		"score": 73
	},
	{
		"id": "centripetal",
		"title": "Centripetal",
		"author": "Dilon Cower",
		"github": "dcower/Centripetal",
		"rank": 4,
		"score": 71.2
	},
	{
		"id": "flingy",
		"title": "Flingy",
		"author": "Andy Wilson",
		"github": "wilsaj/flingy",
		"rank": 5,
		"score": 65.8
	},
	{
		"id": "transmutation",
		"title": "Transmutation",
		"author": "RemiP",
		"github": "remip/transmutation",
		"rank": 6,
		"score": 62.2
	},
	{
		"id": "escadron-t42",
		"title": "Escadron-T42",
		"author": "Dabou",
		"github": "dabou/escadron-t42",
		"rank": 7,
		"score": 60.2
	},
	{
		"id": "landingzone",
		"title": "LandingZone",
		"author": "Kobr4",
		"github": "kobr4/LandingZone",
		"rank": 8,
		"score": 51.4
	},
	{
		"id": "kurve",
		"title": "Kron",
		"author": "Pranav Rao P N",
		"github": "pnpranavrao/kivycontest",
		"rank": 9,
		"score": 50.4
	},
	{
		"id": "touchhockey",
		"title": "TouchHockey",
		"author": "Nicolas Niemczycki",
		"github": "minou/TouchHockey",
		"rank": 10,
		"score": 47.6
	},
	{
		"id": "cocaine",
		"title": "Cocaine",
		"author": "Hiren",
		"github": "metalfinger/Cocaine",
		"rank": 11,
		"score": 35.2
	}
]
